{
	"format_version": "1.8.0",
	"animations": {
		"animation.nguithrxurh.walk": {
			"loop": true,
			"animation_length": 1.25,
			"bones": {
				"leg": {
					"rotation": {
						"0.0": [0, -7.5, 0],
						"0.25": [-54.4634, 12.31838, 62.54091],
						"0.5": [-62.72653, 29.47943, 75.74658],
						"0.75": [-65.16919, 40.72048, 81.74216],
						"1.0": [-52.83524, 10.30456, 60.33967],
						"1.25": [0, -7.5, 0]
					}
				},
				"knee": {
					"rotation": {
						"0.0": [0, 0, 0],
						"0.25": [0, 0, -37.5],
						"0.5": [0, 0, -70],
						"0.75": [0, 0, -75],
						"1.0": [0, 0, -7.5],
						"1.25": [0, 0, 0]
					}
				},
				"foot": {
					"rotation": {
						"0.0": [0, 0, 0],
						"0.25": [0, 0, -42.5],
						"1.0": [0, 0, -7.5],
						"1.25": [0, 0, 0]
					}
				},
				"leg2": {
					"rotation": {
						"0.0": [0, 0, 27.5],
						"0.25": [19.39178, 1.72711, 19.62177],
						"0.5": [-37.35558, 3.54743, 57.98627],
						"0.75": [-10.48243, -19.00259, 12.51418],
						"1.0": [-30.197, 7.37505, 42.86402],
						"1.25": [0, 0, 27.5]
					}
				},
				"knee6": {
					"rotation": {
						"0.0": [0, 0, -22.5],
						"0.75": [0, 0, -7.5],
						"1.0": [0, 0, -45],
						"1.25": [0, 0, -22.5]
					}
				},
				"foot6": {
					"rotation": {
						"0.0": [0, 0, -27.5],
						"0.25": [0, 0, -36.5],
						"0.75": [0, 0, -19],
						"1.0": [0, 0, -41.5],
						"1.25": [0, 0, -27.5]
					}
				},
				"leg3": {
					"rotation": {
						"0.0": [0, 0, 44.5],
						"0.25": [-13.16222, -2.15282, 25.8389],
						"0.5": [-11.56389, 15.43805, 21.68797],
						"0.75": [-11.24279, 27.20289, 19.29812],
						"1.0": [17.32968, 42.64566, 21.75201],
						"1.25": [0, 0, 44.5]
					}
				},
				"knee21": {
					"rotation": {
						"0.0": [0, 0, -32.5],
						"0.25": [0, 0, -20.5],
						"1.0": [0, 0, -20.5],
						"1.25": [0, 0, -32.5]
					}
				},
				"foot21": {
					"rotation": {
						"0.0": [0, 0, -60],
						"0.25": [0, 0, -41],
						"1.0": [0, 0, -41],
						"1.25": [0, 0, -60]
					}
				},
				"leg4": {
					"rotation": {
						"0.0": [0, 27.5, 0],
						"0.25": [17.42962, 37.20907, -0.8706],
						"0.5": [15.89175, 50.81375, -1.26886],
						"0.75": [37.33003, 56.24187, 28.23649],
						"1.0": [17.35191, 28.35145, 31.51506],
						"1.25": [0, 27.5, 0]
					}
				},
				"knee22": {
					"rotation": {
						"0.0": [0, 0, 0],
						"0.75": [0, 0, -14],
						"1.0": [0, 0, -44],
						"1.25": [0, 0, 0]
					}
				},
				"foot22": {
					"rotation": {
						"0.0": [0, 0, 0],
						"0.75": [0, 0, -14],
						"1.0": [0, 0, -41.5],
						"1.25": [0, 0, 0]
					}
				},
				"leg5": {
					"rotation": {
						"0.0": [-78.19132, -27.05285, -83.68726],
						"0.25": [-44.56145, 16.89396, -45.43855],
						"0.5": [-69.41452, 1.40449, -71.91375],
						"1.0": [-78.80601, -32.44265, -84.94374],
						"1.25": [-78.19132, -27.05285, -83.68726]
					}
				},
				"knee23": {
					"rotation": {
						"0.0": [0, 0, 50],
						"0.25": [0, 0, 10],
						"0.5": [0, 0, 41],
						"1.0": [0, 0, 96],
						"1.25": [0, 0, 50]
					}
				},
				"foot23": {
					"rotation": {
						"0.0": [0, 0, 40],
						"0.25": [0, 0, 10],
						"1.25": [0, 0, 40]
					}
				},
				"leg7": {
					"rotation": {
						"0.0": [-24.46824, -1.59476, -41.66296],
						"0.25": [-11.03427, -17.13036, -37.08788],
						"0.5": [-2.64506, -28.38587, -36.16972],
						"0.75": [6.93737, -41.25122, -37.14958],
						"1.0": [2.54644, -17.4911, -57.84039],
						"1.25": [-24.46824, -1.59476, -41.66296]
					}
				},
				"knee24": {
					"rotation": {
						"0.0": [0, 0, 40],
						"1.25": [0, 0, 40]
					}
				},
				"leg8": {
					"rotation": {
						"0.0": [10.41249, -35.18555, -26.95247],
						"0.25": [3.61049, -46.64335, -14.45363],
						"0.5": [9.50693, -11.5587, -66.27897],
						"0.75": [9.23404, -19.26524, -25.85464],
						"1.0": [9.9615, -36.52434, -28.84904],
						"1.25": [10.41249, -35.18555, -26.95247]
					}
				},
				"knee25": {
					"rotation": {
						"0.0": [0, 0, 35],
						"0.25": [0, 0, 5],
						"0.5": [0, 0, 49],
						"0.75": [0, 0, 19],
						"1.25": [0, 0, 35]
					}
				},
				"foot25": {
					"rotation": {
						"0.0": [0, 0, 42.5],
						"1.25": [0, 0, 42.5]
					}
				},
				"leg9": {
					"rotation": {
						"0.0": [-29.29603, 47.77205, -25.72823],
						"0.25": [-17.30151, 35.29598, -41.96269],
						"0.5": [-3.83958, 26.02867, -15.85515],
						"0.75": [-4.0692, 3.29578, -6.78806],
						"1.0": [-34.01426, 34.06026, -49.92046],
						"1.25": [-29.29603, 47.77205, -25.72823]
					}
				},
				"foot26": {
					"rotation": {
						"0.0": [0, 0, 37.5],
						"1.25": [0, 0, 37.5]
					}
				},
				"leg10": {
					"rotation": {
						"0.0": [0, 0, 0],
						"0.375": [0, 14, 0],
						"0.75": [51.49877, -7.87687, 58.23125],
						"0.9583": [7.1434, -22.01754, 22.04409],
						"1.25": [0, 0, 0]
					}
				},
				"knee27": {
					"rotation": {
						"0.0": [0, 0, 0],
						"0.75": [0, 0, -39],
						"1.25": [0, 0, 0]
					}
				},
				"leg11": {
					"rotation": {
						"0.0": [0, -15, 0],
						"0.5": [57.72304, 0.07522, -61.588],
						"0.875": [67.9265, 16.17865, -74.5898],
						"1.25": [0, -15, 0]
					}
				},
				"knee28": {
					"rotation": {
						"0.0": [0, 0, 0],
						"0.5": [0, 0, 25],
						"0.875": [0, 0, 69],
						"1.25": [0, 0, 0]
					}
				},
				"foot28": {
					"rotation": {
						"0.0": [0, 0, 0],
						"0.875": [0, 0, 34],
						"1.25": [0, 0, 0]
					}
				},
				"leg12": {
					"rotation": {
						"0.0": [0, 0, 0],
						"0.375": [36.16133, -12.43508, 61.63327],
						"0.8333": [1.97176, -28.82953, 22.25316],
						"1.25": [0, 0, 0]
					}
				},
				"knee29": {
					"rotation": {
						"0.0": [0, 0, 0],
						"0.375": [0, 0, -51],
						"1.25": [0, 0, 0]
					}
				},
				"leg13": {
					"rotation": {
						"0.0": [46.20432, -10.99519, -45.46305],
						"0.5": [3.63865, 14.87612, -39.65604],
						"0.875": [-2.37649, 16.22753, -13.60932],
						"1.25": [46.20432, -10.99519, -45.46305]
					}
				},
				"knee30": {
					"rotation": {
						"0.0": [0, 0, 37],
						"0.875": [0, 0, 20],
						"1.25": [0, 0, 37]
					}
				},
				"leg14": {
					"rotation": {
						"0.0": [12.04966, -9.72797, 33.35524],
						"0.5": [24.62004, 5.66469, 39.12601],
						"0.75": [2.24283, -24.97172, 31.35255],
						"1.25": [12.04966, -9.72797, 33.35524]
					}
				},
				"knee31": {
					"rotation": {
						"0.0": [0, 0, -54],
						"1.25": [0, 0, -54]
					}
				},
				"leg15": {
					"rotation": {
						"0.0": [0, 0, -43],
						"0.5": [16.87121, -13.31911, -10.96405],
						"0.875": [3.28404, -28.74905, 6.84261],
						"1.25": [0, 0, -43]
					}
				},
				"knee32": {
					"rotation": {
						"0.0": [0, 0, 0],
						"0.25": [0, 0, 44],
						"0.75": [0, 0, 1],
						"1.25": [0, 0, 0]
					}
				},
				"leg16": {
					"rotation": {
						"0.0": [0, -27.5, 0],
						"0.5": [0, 0, 0],
						"0.75": [0, 17, 0],
						"1.0": [10.51867, 15.32943, 20.75982],
						"1.25": [0, -27.5, 0]
					}
				},
				"knee33": {
					"rotation": {
						"0.0": [0, 0, 0],
						"1.0": [0, 0, -13],
						"1.25": [0, 0, 0]
					}
				},
				"leg17": {
					"rotation": {
						"0.0": [0, 35, 0],
						"0.5": [0, 2, 0],
						"0.875": [5.32337, 3.22984, -26.50217],
						"1.25": [0, 35, 0]
					}
				},
				"knee34": {
					"rotation": {
						"0.0": [0, 0, 0],
						"0.875": [0, 0, 27],
						"1.25": [0, 0, 0]
					}
				},
				"bone": {
					"rotation": {
						"0.0": [-6.25, 0, 0],
						"0.625": [19, 0, 0],
						"1.25": [-6.25, 0, 0]
					},
					"position": {
						"0.0": [0, -0.35, 0],
						"0.625": [0, -0.85, 0],
						"1.25": [0, -0.35, 0]
					}
				},
				"bone2": {
					"rotation": {
						"0.0": [19, 0, 0],
						"0.625": [-6.25, 0, 0],
						"1.25": [19, 0, 0]
					},
					"position": {
						"0.0": [0, -0.85, 0],
						"0.625": [0, -0.35, 0],
						"1.25": [0, -0.85, 0]
					}
				}
			}
		},
		"animation.nguithrxurh.idle": {
			"loop": true,
			"animation_length": 0.4167,